姓名,医生头像,职务,简介,寄语
编者1,,教授,"synopsis; brief introduction; summary; abstract
","synopsis; brief introduction; summary; abstract
"
编者2,,副教授,英文简历是使用英文写的简历。英文简历（resume）并无固定不变的单一形式，应聘者完全可以根据个人的具体情况来确定采用何种形,"synopsis; brief introduction; summary; abstract
"
编者3,,主任,活设计。English Resume 一般来说，根据个人经历的不同侧重点，可以选用以下三种形式： ⑴以学历为主的简历 basic resume 这种形式适应于应届毕业生或中学毕业后仍在待...,"synopsis; brief introduction; summary; abstract
"
编者4,,副主任,开始数据,"synopsis; brief introduction; summary; abstract
"
编者5,,医生,解释数据,"synopsis; brief introduction; summary; abstract
"
编者6,,助理医生,开始的文档,"synopsis; brief introduction; summary; abstract
"
